Speed Limit,Original_Accuracy,dir_SPQ_Accuracy,original_SPQ_Accuracy
40.0,0.5,1.0,1.0
48.0,0.6,0.6,0.6
56.0,0.5,0.8571428571428571,0.5714285714285714
64.0,0.3333333333333333,0.8333333333333334,0.8333333333333334
72.0,1.0,1.0,1.0