Speed Limit,Original_Accuracy,dir_SPQ_Accuracy,original_SPQ_Accuracy
40.0,0.5714285714285714,0.8571428571428571,0.8571428571428571
48.0,0.8181818181818182,1.0,1.0
56.0,0.9375,1.0,1.0
64.0,0.6666666666666666,0.6666666666666666,0.6666666666666666
72.0,0.8888888888888888,1.0,1.0
89.0,1.0,1.0,1.0
113.0,1.0,1.0,1.0